TCR-CD3ge lifetime,Force,Lifetime,TCR-CD3ge thermal,Thermal Lifetime,,TCR-CD3de lifetime,Force,Lifetime,TCR-CD3de thermal,Thermal Lifetime,,TCR-CD3mix lifetime,Force,Lifetime,TCR-CD3mix Thermal,Thermal lifetime
,2.942,0.017,,0.054523,,,1.362,0.106,,0.061794,,,1.993,0.147,,0.01
,3.032,0.019,,0.055408,,,1.712,0.012,,0.06191,,,2.088,2.321,,0.013
,3.247,0.417,,0.055618,,,2.43,0.024,,0.073801,,,2.697,0.954,,0.014
,3.631,0.09,,0.059041,,,3.722,0.012,,0.074349,,,2.724,0.077,,0.016
,4.099,0.023,,0.059041,,,4.215,0.72,,0.074349,,,2.879,0.023,,0.017
,4.363,0.01,,0.059041,,,4.303,0.012,,0.074349,,,3.261,0.073,,0.02
,4.655,0.02,,0.059041,,,4.458,0.023,,0.074349,,,3.49,0.926,,0.021
,5.021,0.011,,0.062889,,,4.581,0.011,,0.077491,,,3.602,0.008,,0.024
,5.205,0.186,,0.066082,,,4.965,0.014,,0.080813,,,3.702,0.06,,0.024
,5.377,0.027,,0.066594,,,5.076,0.428,,0.086831,,,3.951,0.101,,0.027
,5.891,0.019,,0.066786,,,5.416,0.368,,0.089219,,,4.099,0.107,,0.027
,5.933,0.184,,0.067385,,,5.553,0.577,,0.089219,,,4.101,0.107,,0.03
,5.985,0.023,,0.070436,,,5.733,0.012,,0.089219,,,4.182,0.019,,0.031
,6.11,0.099,,0.073689,,,5.86,0.01,,0.089219,,,4.224,0.013,,0.032
,6.148,3.759,,0.073801,,,5.907,0.133,,0.089219,,,4.227,0.054,,0.038
,6.351,0.051,,0.073801,,,6,0.017,,0.089219,,,4.306,2.576,,0.038
,6.818,0.027,,0.073801,,,6.082,0.042,,0.092177,,,4.318,2.2,,0.043
,6.9,0.12,,0.073801,,,6.487,0.011,,0.095973,,,4.561,0.01,,0.056
,6.913,0.286,,0.073873,,,6.517,0.157,,0.104089,,,4.564,0.592,,0.059
,7.07,0.289,,0.074085,,,6.59,0.018,,0.104089,,,4.666,0.241,,0.062
,7.076,0.011,,0.074777,,,6.931,0.02,,0.104089,,,4.908,0.038,,0.063
,7.177,0.014,,0.075925,,,6.992,0.012,,0.104089,,,4.974,0.008,,0.063
,7.186,4.321,,0.077425,,,7.353,0.115,,0.104089,,,5.122,0.338,,0.065
,7.258,0.01,,0.078364,,,7.468,0.011,,0.104089,,,5.404,0.752,,0.067
,7.453,9.775,,0.078756,,,7.725,0.808,,0.104089,,,5.43,0.18,,0.069
,7.538,0.068,,0.079673,,,8.029,0.053,,0.104089,,,5.523,0.283,,0.069
,7.574,0.057,,0.08065,,,8.185,0.039,,0.109046,,,5.551,0.048,,0.078
,7.585,0.014,,0.081709,,,8.207,0.017,,0.111396,,,5.701,0.268,,0.083
,7.622,0.306,,0.083223,,,8.211,0.018,,0.116065,,,5.751,0.041,,0.085
,7.727,0.047,,0.083633,,,8.216,0.032,,0.11706,,,5.769,0.017,,0.089
,7.942,0.716,,0.084173,,,8.619,6.013,,0.117294,,,5.789,0.074,,0.091
,7.999,0.235,,0.08424,,,8.648,0.246,,0.118959,,,5.849,0.016,,0.093
,8.119,0.275,,0.084903,,,8.695,0.024,,0.118959,,,5.912,0.026,,0.098
,8.388,0.036,,0.08539,,,8.862,0.024,,0.118959,,,6.161,1.115,,0.098
,8.498,0.231,,0.086678,,,8.935,0.074,,0.118959,,,6.221,0.026,,0.101
,8.524,0.266,,0.086756,,,8.944,0.016,,0.118959,,,6.267,0.016,,0.119
,8.692,0.241,,0.086934,,,9.016,0.021,,0.118959,,,6.276,0.273,,0.129
,9.002,0.127,,0.088353,,,9.123,0.041,,0.118959,,,6.278,2.396,,0.142
,9.21,0.057,,0.088561,,,9.147,0.014,,0.118959,,,6.343,9.411,,0.186
,9.374,1.128,,0.088561,,,9.198,0.252,,0.118959,,,6.433,1.474,,0.202
,9.467,0.165,,0.088561,,,9.294,0.079,,0.118959,,,6.488,0.351,,0.206
,9.536,5.838,,0.088561,,,9.322,0.128,,0.118959,,,6.571,0.04,,0.207
,9.54,1.554,,0.088561,,,9.368,0.397,,0.122677,,,6.744,0.022,,0.208
,9.667,0.09,,0.088561,,,9.397,0.029,,0.124633,,,6.794,0.003,,0.214
,9.688,0.035,,0.088561,,,9.501,0.02,,0.128248,,,6.821,0.062,,0.257
,9.722,0.13,,0.089469,,,9.507,0.159,,0.130946,,,6.84,0.032,,0.274
,9.751,0.029,,0.089865,,,9.575,2.583,,0.133829,,,6.888,12.11,,0.278
,9.799,0.977,,0.094263,,,9.646,1.192,,0.133829,,,6.9,0.338,,0.307
,9.873,0.988,,0.094711,,,9.732,0.136,,0.133829,,,6.932,0.013,,0.438
,9.924,0.459,,0.096377,,,9.869,0.039,,0.133829,,,7.07,0.428,,0.548
,10.019,0.077,,0.097299,,,9.896,0.04,,0.133829,,,7.084,0.028,,0.667
,10.046,0.077,,0.098735,,,10.082,0.312,,0.141381,,,7.094,4.547,,0.778
,10.071,0.052,,0.102956,,,10.089,0.454,,0.147169,,,7.198,0.048,,1.315
,10.075,0.208,,0.103321,,,10.173,0.138,,0.148699,,,7.2,0.003,,1.671
,10.102,0.349,,0.103321,,,10.228,0.497,,0.148699,,,7.222,0.022,,2.278
,10.217,0.102,,0.103321,,,10.232,0.029,,0.148699,,,7.234,0.937,,2.619
,10.273,0.044,,0.103321,,,10.264,0.034,,0.148759,,,7.239,0.036,,2.647
,10.275,0.016,,0.106788,,,10.267,0.067,,0.149382,,,7.247,0.341,,2.881
,10.332,0.028,,0.108089,,,10.414,0.138,,0.151497,,,7.32,0.035,,3.599
,10.411,0.133,,0.108241,,,10.508,0.043,,0.157835,,,7.734,1.988,,
,10.433,0.046,,0.108241,,,10.551,0.027,,0.163569,,,7.77,0.494,,
,10.434,0.094,,0.111007,,,10.611,0.059,,0.163569,,,7.9,0.006,,
,10.549,2.621,,0.118081,,,10.631,0.073,,0.166399,,,7.986,0.092,,
,10.584,0.371,,0.118081,,,10.646,0.629,,0.177122,,,8.009,0.098,,
,10.797,0.887,,0.118081,,,10.674,0.421,,0.178439,,,8.059,0.065,,
,10.804,0.065,,0.118081,,,10.679,0.46,,0.178439,,,8.127,0.007,,
,10.876,0.061,,0.118081,,,10.761,0.012,,0.178439,,,8.214,0.036,,
,10.879,0.053,,0.118081,,,10.89,0.029,,0.183,,,8.342,0.008,,
,11.013,0.086,,0.118081,,,11.069,0.044,,0.188988,,,8.344,0.327,,
,11.07,1.068,,0.118081,,,11.194,0.021,,0.197819,,,8.44,0.214,,
,11.112,0.013,,0.118878,,,11.201,0.022,,0.210827,,,8.472,0.006,,
,11.15,0.124,,0.121454,,,11.22,0.022,,0.249474,,,8.52,3.997,,
,11.197,0.256,,0.121771,,,11.337,0.088,,0.358835,,,8.695,0.005,,
,11.214,1.585,,0.121771,,,11.421,0.019,,0.38166,,,8.7,0.178,,
,11.281,0.026,,0.121771,,,11.431,0.067,,0.442122,,,8.743,0.017,,
,11.385,0.05,,0.132841,,,11.573,0.287,,0.502695,,,8.746,1.496,,
,11.468,0.012,,0.132841,,,11.577,0.355,,,,,8.757,1.291,,
,11.478,0.111,,0.132841,,,11.668,0.092,,,,,8.782,0.715,,
,11.712,0.472,,0.132841,,,11.749,0.049,,,,,8.805,0.088,,
,11.738,0.161,,0.132841,,,11.876,0.016,,,,,8.866,0.324,,
,11.83,0.208,,0.132841,,,11.912,0.051,,,,,8.906,0.32,,
,11.874,1.313,,0.132841,,,11.921,4.8,,,,,8.927,0.079,,
,11.923,0.017,,0.134018,,,12.043,0.025,,,,,8.947,0.269,,
,12.108,0.01,,0.134675,,,12.085,0.012,,,,,8.952,0.005,,
,12.119,0.39,,0.135301,,,12.148,0.863,,,,,8.984,1.942,,
,12.149,0.142,,0.136058,,,12.162,0.022,,,,,9.007,14.166,,
,12.161,0.037,,0.138724,,,12.206,0.168,,,,,9.013,0.052,,
,12.243,0.019,,0.141753,,,12.249,2.742,,,,,9.04,0.19,,
,12.317,0.243,,0.147601,,,12.473,0.196,,,,,9.047,0.133,,
,12.381,0.131,,0.147601,,,12.499,0.073,,,,,9.053,0.033,,
,12.409,0.22,,0.147601,,,12.508,0.027,,,,,9.137,5.044,,
,12.43,2.041,,0.147601,,,12.604,0.356,,,,,9.139,0.006,,
,12.457,1.535,,0.147601,,,12.629,0.248,,,,,9.184,0.925,,
,12.502,0.095,,0.147601,,,12.738,0.028,,,,,9.19,1.327,,
,12.577,0.573,,0.147601,,,12.787,1.065,,,,,9.2,0.663,,
,12.659,0.024,,0.148831,,,12.838,0.012,,,,,9.216,0.145,,
,12.767,0.071,,0.162362,,,12.848,0.066,,,,,9.289,0.899,,
,12.884,0.026,,0.162362,,,12.969,0.139,,,,,9.387,8.84,,
,12.892,0.022,,0.162362,,,12.973,0.117,,,,,9.393,0.006,,
,12.928,0.024,,0.162362,,,12.985,0.165,,,,,9.41,0.124,,
,12.97,0.038,,0.162362,,,12.99,0.147,,,,,9.435,0.151,,
,13.036,0.014,,0.162362,,,13.002,0.017,,,,,9.441,0.619,,
,13.115,0.025,,0.162362,,,13.065,0.021,,,,,9.468,0.181,,
,13.145,0.921,,0.177122,,,13.102,0.155,,,,,9.52,0.005,,
,13.2,0.048,,0.177122,,,13.122,0.172,,,,,9.566,2.595,,
,13.357,0.061,,0.177122,,,13.13,0.476,,,,,9.574,0.055,,
,13.361,0.532,,0.189422,,,13.153,0.05,,,,,9.59,2.765,,
,13.409,0.113,,0.189422,,,13.178,0.107,,,,,9.613,0.006,,
,13.439,0.029,,0.191882,,,13.315,0.02,,,,,9.616,0.127,,
,13.557,0.131,,0.191882,,,13.34,6.634,,,,,9.652,0.078,,
,13.655,0.01,,0.191882,,,13.38,0.28,,,,,9.779,0.003,,
,13.713,0.042,,0.191882,,,13.384,0.247,,,,,9.817,0.716,,
,13.811,0.319,,0.191882,,,13.387,0.01,,,,,9.88,0.28,,
,13.822,0.412,,0.191882,,,13.408,0.128,,,,,10.017,0.736,,
,13.858,0.08,,0.191882,,,13.436,0.048,,,,,10.063,0.861,,
,13.953,0.12,,0.206642,,,13.542,0.167,,,,,10.136,0.041,,
,13.968,0.395,,0.206642,,,13.555,0.129,,,,,10.168,0.032,,
,13.977,0.14,,0.206642,,,13.645,0.056,,,,,10.231,0.065,,
,13.989,0.39,,0.206642,,,13.683,0.228,,,,,10.238,0.008,,
,14.05,0.069,,0.206642,,,13.855,0.027,,,,,10.291,0.058,,
,14.079,13.137,,0.210835,,,13.858,0.06,,,,,10.299,0.507,,
,14.127,0.198,,0.216482,,,13.921,0.315,,,,,10.312,1.075,,
,14.163,0.108,,0.221402,,,13.967,0.484,,,,,10.432,2.061,,
,14.196,0.026,,0.221402,,,13.999,0.219,,,,,10.445,0.269,,
,14.248,0.678,,0.230012,,,14.041,0.651,,,,,10.473,0.05,,
,14.323,0.892,,0.236162,,,14.066,0.114,,,,,10.541,0.008,,
,14.38,0.038,,0.243542,,,14.163,9.14,,,,,10.658,0.008,,
,14.414,0.179,,0.243542,,,14.186,0.011,,,,,10.662,0.342,,
,14.439,0.066,,0.265683,,,14.205,0.044,,,,,10.669,0.27,,
,14.456,0.446,,0.270603,,,14.288,0.027,,,,,10.789,0.007,,
,14.465,0.096,,0.280443,,,14.291,0.038,,,,,10.796,0.023,,
,14.495,0.071,,0.295203,,,14.32,0.038,,,,,10.939,0.011,,
,14.575,0.03,,0.309963,,,14.352,0.022,,,,,10.954,0.031,,
,14.62,0.093,,0.309963,,,14.41,0.325,,,,,11.035,0.237,,
,14.652,0.019,,0.311193,,,14.432,0.4,,,,,11.061,0.413,,
,14.671,0.025,,0.442804,,,14.447,0.712,,,,,11.109,0.027,,
,14.677,0.219,,,,,14.451,0.101,,,,,11.115,12.717,,
,14.703,0.011,,,,,14.502,0.01,,,,,11.142,0.094,,
,14.727,0.062,,,,,14.517,0.353,,,,,11.164,0.346,,
,14.736,0.682,,,,,14.538,0.285,,,,,11.177,0.011,,
,14.802,1.314,,,,,14.553,0.031,,,,,11.352,0.014,,
,15.089,0.655,,,,,14.652,0.257,,,,,11.474,0.023,,
,15.263,0.238,,,,,14.659,0.172,,,,,11.546,0.302,,
,15.32,0.017,,,,,14.667,0.055,,,,,11.575,0.362,,
,15.344,0.277,,,,,14.708,1.328,,,,,11.61,0.299,,
,15.399,0.267,,,,,14.819,0.172,,,,,11.623,0.078,,
,15.434,0.033,,,,,14.829,14.665,,,,,11.663,0.103,,
,15.455,0.094,,,,,14.884,0.1,,,,,11.676,0.152,,
,15.632,0.061,,,,,14.89,1.125,,,,,11.736,0.664,,
,15.691,0.02,,,,,14.895,0.013,,,,,11.739,0.211,,
,15.702,0.206,,,,,15.044,0.127,,,,,11.79,0.309,,
,15.735,0.129,,,,,15.126,0.06,,,,,11.801,0.046,,
,15.776,0.024,,,,,15.179,0.078,,,,,11.874,0.562,,
,15.85,0.632,,,,,15.181,2.553,,,,,11.916,0.166,,
,15.85,0.074,,,,,15.193,0.524,,,,,11.949,0.02,,
,15.975,0.132,,,,,15.198,0.087,,,,,11.968,0.846,,
,16.003,0.017,,,,,15.229,0.592,,,,,12.011,0.459,,
,16.048,0.01,,,,,15.265,1.367,,,,,12.063,0.017,,
,16.077,0.569,,,,,15.3,0.139,,,,,12.12,0.083,,
,16.109,0.06,,,,,15.336,0.202,,,,,12.192,0.067,,
,16.348,0.548,,,,,15.351,0.012,,,,,12.196,1.991,,
,16.44,0.173,,,,,15.461,0.065,,,,,12.213,0.063,,
,16.501,1.066,,,,,15.486,0.056,,,,,12.277,0.354,,
,16.575,0.158,,,,,15.605,1.132,,,,,12.295,0.601,,
,16.601,0.058,,,,,15.673,2.367,,,,,12.468,0.008,,
,16.603,0.073,,,,,15.729,0.03,,,,,12.488,0.011,,
,16.684,0.057,,,,,15.735,0.06,,,,,12.563,0.398,,
,16.691,0.071,,,,,15.791,0.013,,,,,12.578,0.02,,
,16.742,0.313,,,,,15.828,0.079,,,,,12.59,0.126,,
,16.848,0.183,,,,,15.851,0.127,,,,,12.605,34.374,,
,16.864,1.4,,,,,15.902,0.012,,,,,12.649,0.056,,
,16.868,0.021,,,,,15.934,0.113,,,,,12.658,0.376,,
,16.92,0.131,,,,,15.957,0.01,,,,,12.737,0.096,,
,16.974,0.212,,,,,15.997,0.472,,,,,12.749,0.226,,
,17.101,0.078,,,,,16.057,0.216,,,,,12.759,58.138,,
,17.203,0.228,,,,,16.062,0.047,,,,,12.774,0.112,,
,17.237,0.61,,,,,16.135,0.336,,,,,12.79,3.21,,
,17.266,1.242,,,,,16.149,0.047,,,,,12.814,0.201,,
,17.579,0.014,,,,,16.215,0.038,,,,,12.861,0.15,,
,17.63,0.122,,,,,16.223,0.018,,,,,12.97,0.731,,
,17.737,0.055,,,,,16.241,0.01,,,,,12.97,0.731,,
,17.795,1.954,,,,,16.244,0.014,,,,,13.026,0.196,,
,17.846,0.064,,,,,16.558,0.079,,,,,13.043,0.304,,
,17.86,0.084,,,,,16.583,0.01,,,,,13.066,0.023,,
,17.9,0.749,,,,,16.671,0.614,,,,,13.072,0.592,,
,17.911,4.422,,,,,16.696,0.014,,,,,13.124,1.238,,
,17.952,0.017,,,,,16.725,1.652,,,,,13.262,0.013,,
,18.067,0.311,,,,,16.731,0.394,,,,,13.263,0.147,,
,18.09,0.331,,,,,16.744,0.021,,,,,13.376,0.046,,
,18.452,0.218,,,,,16.746,0.3,,,,,13.403,0.593,,
,18.598,0.13,,,,,16.751,0.017,,,,,13.409,0.23,,
,18.748,0.444,,,,,16.751,1.435,,,,,13.417,0.163,,
,18.75,0.645,,,,,16.768,0.097,,,,,13.524,0.016,,
,18.796,0.017,,,,,16.833,5.292,,,,,13.532,0.236,,
,19.097,0.02,,,,,16.855,1.103,,,,,13.541,34.29,,
,19.588,0.068,,,,,16.855,1.196,,,,,13.541,0.363,,
,19.597,0.473,,,,,16.903,0.013,,,,,13.556,0.006,,
,19.644,0.019,,,,,16.957,0.078,,,,,13.59,0.098,,
,19.651,0.294,,,,,16.961,0.954,,,,,13.619,0.007,,
,19.654,0.547,,,,,16.987,0.052,,,,,13.73,0.004,,
,19.691,0.184,,,,,17.068,0.179,,,,,13.742,2.105,,
,19.695,0.041,,,,,17.083,0.223,,,,,13.883,0.068,,
,19.778,0.036,,,,,17.113,0.067,,,,,13.965,0.011,,
,19.84,0.395,,,,,17.155,0.459,,,,,14.002,0.073,,
,19.979,0.063,,,,,17.184,0.01,,,,,14.007,0.056,,
,20.083,0.625,,,,,17.288,0.127,,,,,14.007,7.224,,
,20.088,0.481,,,,,17.291,0.046,,,,,14.03,6.42,,
,20.256,0.033,,,,,17.337,0.044,,,,,14.075,0.171,,
,20.385,0.053,,,,,17.346,0.078,,,,,14.094,0.02,,
,20.473,0.13,,,,,17.355,0.048,,,,,14.155,0.016,,
,20.696,1.977,,,,,17.369,0.313,,,,,14.167,0.188,,
,20.746,0.039,,,,,17.423,1.251,,,,,14.172,0.19,,
,21.019,0.235,,,,,17.446,0.092,,,,,14.263,0.006,,
,21.695,0.114,,,,,17.504,0.096,,,,,14.275,0.092,,
,21.837,0.2,,,,,17.515,0.109,,,,,14.276,0.072,,
,21.906,0.013,,,,,17.618,0.02,,,,,14.29,0.351,,
,21.93,0.016,,,,,17.629,0.127,,,,,14.319,0.734,,
,22.732,0.857,,,,,17.694,0.029,,,,,14.381,0.068,,
,22.783,0.09,,,,,17.694,0.042,,,,,14.386,0.099,,
,22.867,0.059,,,,,17.735,0.531,,,,,14.392,0.317,,
,23.163,0.79,,,,,17.773,8.782,,,,,14.414,0.177,,
,23.207,0.152,,,,,17.776,0.048,,,,,14.461,0.21,,
,23.628,0.098,,,,,17.776,0.497,,,,,14.473,0.071,,
,24.26,0.295,,,,,17.88,0.038,,,,,14.476,0.007,,
,24.291,0.026,,,,,17.998,0.043,,,,,14.498,0.059,,
,24.547,0.032,,,,,18.045,0.118,,,,,14.507,5.585,,
,24.915,0.14,,,,,18.072,1.01,,,,,14.538,0.451,,
,25.22,0.158,,,,,18.168,0.013,,,,,14.544,0.193,,
,25.649,0.029,,,,,18.219,0.311,,,,,14.564,0.054,,
,25.95,0.012,,,,,18.228,0.319,,,,,14.617,0.096,,
,26.384,0.726,,,,,18.247,0.052,,,,,14.641,0.084,,
,26.434,0.027,,,,,18.39,0.055,,,,,14.685,1.7,,
,27.023,0.113,,,,,18.461,0.029,,,,,14.694,0.141,,
,27.056,3.28,,,,,18.483,0.035,,,,,14.696,3.66,,
,27.964,0.364,,,,,18.61,0.046,,,,,14.739,0.116,,
,28.895,0.311,,,,,18.665,0.014,,,,,14.772,0.401,,
,29.277,0.019,,,,,18.783,0.029,,,,,14.783,0.104,,
,29.658,0.097,,,,,18.83,0.232,,,,,14.926,0.173,,
,,,,,,,18.879,0.043,,,,,14.947,0.472,,
,,,,,,,18.975,0.632,,,,,14.947,0.029,,
,,,,,,,19.017,0.02,,,,,14.973,0.188,,
,,,,,,,19.021,0.077,,,,,14.994,0.004,,
,,,,,,,19.071,0.753,,,,,15.016,0.031,,
,,,,,,,19.079,0.026,,,,,15.05,0.037,,
,,,,,,,19.2,0.017,,,,,15.077,0.203,,
,,,,,,,19.271,0.051,,,,,15.079,0.054,,
,,,,,,,19.451,0.347,,,,,15.216,0.176,,
,,,,,,,19.475,0.086,,,,,15.221,0.053,,
,,,,,,,19.493,0.02,,,,,15.308,0.089,,
,,,,,,,19.521,0.701,,,,,15.463,0.323,,
,,,,,,,19.537,0.078,,,,,15.602,6.057,,
,,,,,,,19.565,0.03,,,,,15.605,0.072,,
,,,,,,,19.712,5.218,,,,,15.657,0.084,,
,,,,,,,19.722,0.043,,,,,15.686,1.55,,
,,,,,,,19.811,0.568,,,,,15.694,0.009,,
,,,,,,,19.821,0.069,,,,,15.712,0.181,,
,,,,,,,19.886,0.014,,,,,15.738,2.73,,
,,,,,,,19.985,0.624,,,,,15.766,0.049,,
,,,,,,,20.03,0.07,,,,,15.786,0.035,,
,,,,,,,20.057,0.051,,,,,15.806,1.648,,
,,,,,,,20.227,0.053,,,,,15.905,0.025,,
,,,,,,,20.301,0.021,,,,,15.929,0.004,,
,,,,,,,20.331,0.114,,,,,15.933,43.36,,
,,,,,,,20.358,0.05,,,,,15.962,0.057,,
,,,,,,,20.359,0.067,,,,,16.016,0.123,,
,,,,,,,20.378,2.066,,,,,16.03,0.022,,
,,,,,,,20.382,0.107,,,,,16.083,0.193,,
,,,,,,,20.59,0.653,,,,,16.119,0.313,,
,,,,,,,20.668,0.757,,,,,16.169,0.04,,
,,,,,,,20.701,0.077,,,,,16.194,0.065,,
,,,,,,,20.743,0.02,,,,,16.255,0.814,,
,,,,,,,20.76,1.723,,,,,16.279,0.033,,
,,,,,,,20.819,0.04,,,,,16.284,0.028,,
,,,,,,,20.832,0.043,,,,,16.297,0.064,,
,,,,,,,20.863,0.046,,,,,16.353,0.049,,
,,,,,,,20.902,0.098,,,,,16.371,0.236,,
,,,,,,,20.957,0.056,,,,,16.376,0.658,,
,,,,,,,20.966,0.024,,,,,16.417,0.023,,
,,,,,,,20.969,0.145,,,,,16.44,0.202,,
,,,,,,,20.991,0.268,,,,,16.475,0.013,,
,,,,,,,21.019,0.209,,,,,16.49,6.242,,
,,,,,,,21.148,0.137,,,,,16.524,0.104,,
,,,,,,,21.446,0.473,,,,,16.524,7.653,,
,,,,,,,21.454,2.808,,,,,16.545,0.006,,
,,,,,,,21.571,0.02,,,,,16.569,0.083,,
,,,,,,,21.718,0.017,,,,,16.582,0.03,,
,,,,,,,21.726,0.048,,,,,16.662,0.056,,
,,,,,,,21.74,0.078,,,,,16.663,0.011,,
,,,,,,,21.786,0.059,,,,,16.705,0.012,,
,,,,,,,21.815,0.061,,,,,16.776,0.024,,
,,,,,,,21.9,0.05,,,,,16.814,0.203,,
,,,,,,,21.933,0.03,,,,,16.855,0.076,,
,,,,,,,22.2,4.383,,,,,16.929,0.01,,
,,,,,,,22.204,0.311,,,,,16.938,0.013,,
,,,,,,,22.24,0.011,,,,,16.985,0.012,,
,,,,,,,22.256,0.091,,,,,17.065,0.041,,
,,,,,,,22.263,2.444,,,,,17.094,0.035,,
,,,,,,,22.275,0.066,,,,,17.118,0.063,,
,,,,,,,22.307,0.011,,,,,17.132,0.067,,
,,,,,,,22.387,0.09,,,,,17.167,0.171,,
,,,,,,,22.405,0.011,,,,,17.245,0.028,,
,,,,,,,22.486,0.152,,,,,17.251,0.152,,
,,,,,,,22.748,0.088,,,,,17.257,0.192,,
,,,,,,,22.76,0.027,,,,,17.286,0.018,,
,,,,,,,23.005,16.816,,,,,17.357,1.678,,
,,,,,,,23.202,1.167,,,,,17.465,0.244,,
,,,,,,,23.306,0.064,,,,,17.472,0.042,,
,,,,,,,23.338,0.024,,,,,17.495,0.404,,
,,,,,,,23.413,0.501,,,,,17.525,0.141,,
,,,,,,,23.414,0.526,,,,,17.605,0.009,,
,,,,,,,23.582,0.449,,,,,17.635,0.011,,
,,,,,,,23.696,0.38,,,,,17.757,0.054,,
,,,,,,,23.8,0.348,,,,,17.78,0.244,,
,,,,,,,23.963,0.244,,,,,17.796,0.036,,
,,,,,,,24.117,0.101,,,,,17.814,0.071,,
,,,,,,,24.29,0.082,,,,,17.818,0.548,,
,,,,,,,24.305,0.01,,,,,17.845,0.02,,
,,,,,,,24.436,0.028,,,,,17.861,0.442,,
,,,,,,,24.485,0.039,,,,,17.865,0.01,,
,,,,,,,24.626,0.014,,,,,17.941,0.175,,
,,,,,,,24.629,0.014,,,,,17.97,0.048,,
,,,,,,,24.693,0.036,,,,,17.994,0.283,,
,,,,,,,24.73,0.024,,,,,18,0.034,,
,,,,,,,24.778,0.494,,,,,18.049,0.136,,
,,,,,,,24.81,0.076,,,,,18.071,0.132,,
,,,,,,,24.861,0.064,,,,,18.139,0.17,,
,,,,,,,25.002,0.381,,,,,18.193,4.793,,
,,,,,,,25.045,0.023,,,,,18.226,0.563,,
,,,,,,,25.06,0.068,,,,,18.268,0.026,,
,,,,,,,25.098,0.196,,,,,18.278,18.464,,
,,,,,,,25.32,1.555,,,,,18.283,0.062,,
,,,,,,,25.425,0.053,,,,,18.284,0.034,,
,,,,,,,25.7,0.053,,,,,18.322,0.014,,
,,,,,,,25.981,0.047,,,,,18.537,0.037,,
,,,,,,,25.997,0.057,,,,,18.586,0.122,,
,,,,,,,26.181,0.02,,,,,18.683,0.322,,
,,,,,,,26.198,0.311,,,,,18.685,1.984,,
,,,,,,,26.286,0.217,,,,,18.743,0.631,,
,,,,,,,26.335,0.025,,,,,18.781,0.106,,
,,,,,,,26.793,0.563,,,,,18.782,0.063,,
,,,,,,,27.12,0.114,,,,,18.797,0.658,,
,,,,,,,27.157,4.249,,,,,18.817,0.699,,
,,,,,,,27.24,0.148,,,,,18.838,0.01,,
,,,,,,,27.339,0.058,,,,,18.929,0.007,,
,,,,,,,27.396,0.028,,,,,18.983,0.027,,
,,,,,,,27.397,0.217,,,,,19.088,0.024,,
,,,,,,,27.521,0.022,,,,,19.095,0.122,,
,,,,,,,27.618,0.072,,,,,19.1,0.63,,
,,,,,,,27.625,0.018,,,,,19.127,0.113,,
,,,,,,,27.629,0.174,,,,,19.16,5.069,,
,,,,,,,28.111,0.087,,,,,19.273,25.714,,
,,,,,,,28.458,0.071,,,,,19.354,0.609,,
,,,,,,,28.47,1.312,,,,,19.401,0.141,,
,,,,,,,28.519,0.016,,,,,19.403,0.121,,
,,,,,,,29.035,0.027,,,,,19.425,0.113,,
,,,,,,,29.057,0.028,,,,,19.493,0.019,,
,,,,,,,29.73,0.13,,,,,19.497,0.047,,
,,,,,,,29.762,0.041,,,,,19.535,0.076,,
,,,,,,,30.487,0.049,,,,,19.538,3.015,,
,,,,,,,30.719,0.012,,,,,19.563,0.062,,
,,,,,,,30.979,0.054,,,,,19.592,1.814,,
,,,,,,,31.948,0.848,,,,,19.606,0.255,,
,,,,,,,31.96,0.046,,,,,19.676,3.903,,
,,,,,,,32.339,0.06,,,,,19.686,0.022,,
,,,,,,,45.91,0.138,,,,,19.733,0.026,,
,,,,,,,,,,,,,19.756,0.269,,
,,,,,,,,,,,,,19.767,0.047,,
,,,,,,,,,,,,,19.769,0.17,,
,,,,,,,,,,,,,19.78,0.062,,
,,,,,,,,,,,,,19.808,0.404,,
,,,,,,,,,,,,,19.812,0.011,,
,,,,,,,,,,,,,19.83,0.024,,
,,,,,,,,,,,,,19.871,0.04,,
,,,,,,,,,,,,,19.886,0.135,,
,,,,,,,,,,,,,19.899,0.049,,
,,,,,,,,,,,,,19.989,0.506,,
,,,,,,,,,,,,,20.048,0.013,,
,,,,,,,,,,,,,20.056,0.048,,
,,,,,,,,,,,,,20.078,0.006,,
,,,,,,,,,,,,,20.123,0.697,,
,,,,,,,,,,,,,20.188,0.464,,
,,,,,,,,,,,,,20.208,0.111,,
,,,,,,,,,,,,,20.212,0.012,,
,,,,,,,,,,,,,20.219,0.051,,
,,,,,,,,,,,,,20.308,0.712,,
,,,,,,,,,,,,,20.367,0.013,,
,,,,,,,,,,,,,20.371,0.037,,
,,,,,,,,,,,,,20.403,0.003,,
,,,,,,,,,,,,,20.426,0.186,,
,,,,,,,,,,,,,20.497,0.5,,
,,,,,,,,,,,,,20.516,0.042,,
,,,,,,,,,,,,,20.517,0.039,,
,,,,,,,,,,,,,20.527,0.129,,
,,,,,,,,,,,,,20.565,0.084,,
,,,,,,,,,,,,,20.629,0.05,,
,,,,,,,,,,,,,20.732,0.754,,
,,,,,,,,,,,,,20.753,0.006,,
,,,,,,,,,,,,,20.85,0.57,,
,,,,,,,,,,,,,20.928,0.26,,
,,,,,,,,,,,,,21.006,0.02,,
,,,,,,,,,,,,,21.104,37.078,,
,,,,,,,,,,,,,21.121,0.049,,
,,,,,,,,,,,,,21.163,0.047,,
,,,,,,,,,,,,,21.178,0.006,,
,,,,,,,,,,,,,21.223,0.009,,
,,,,,,,,,,,,,21.416,0.277,,
,,,,,,,,,,,,,21.482,0.02,,
,,,,,,,,,,,,,21.51,0.218,,
,,,,,,,,,,,,,21.571,0.135,,
,,,,,,,,,,,,,21.601,0.212,,
,,,,,,,,,,,,,21.661,0.038,,
,,,,,,,,,,,,,21.792,3.155,,
,,,,,,,,,,,,,21.792,0.03,,
,,,,,,,,,,,,,21.797,0.014,,
,,,,,,,,,,,,,21.987,0.019,,
,,,,,,,,,,,,,22.019,0.587,,
,,,,,,,,,,,,,22.188,0.009,,
,,,,,,,,,,,,,22.203,0.112,,
,,,,,,,,,,,,,22.22,0.059,,
,,,,,,,,,,,,,22.248,0.044,,
,,,,,,,,,,,,,22.418,0.051,,
,,,,,,,,,,,,,22.876,0.016,,
,,,,,,,,,,,,,22.886,0.119,,
,,,,,,,,,,,,,22.907,0.005,,
,,,,,,,,,,,,,23.113,0.03,,
,,,,,,,,,,,,,23.165,0.277,,
,,,,,,,,,,,,,23.299,0.017,,
,,,,,,,,,,,,,23.51,0.038,,
,,,,,,,,,,,,,23.57,0.039,,
,,,,,,,,,,,,,23.65,0.012,,
,,,,,,,,,,,,,23.664,0.266,,
,,,,,,,,,,,,,23.695,0.179,,
,,,,,,,,,,,,,23.731,0.173,,
,,,,,,,,,,,,,23.797,0.577,,
,,,,,,,,,,,,,23.838,0.006,,
,,,,,,,,,,,,,24.069,0.245,,
,,,,,,,,,,,,,24.322,0.004,,
,,,,,,,,,,,,,24.353,0.154,,
,,,,,,,,,,,,,24.527,0.189,,
,,,,,,,,,,,,,24.564,0.024,,
,,,,,,,,,,,,,24.615,0.062,,
,,,,,,,,,,,,,24.674,23.177,,
,,,,,,,,,,,,,24.835,0.014,,
,,,,,,,,,,,,,25.13,0.011,,
,,,,,,,,,,,,,25.335,0.384,,
,,,,,,,,,,,,,26.005,0.444,,
,,,,,,,,,,,,,26.604,0.02,,
,,,,,,,,,,,,,29.591,0.005,,
,,,,,,,,,,,,,34.031,0.499,,
